episode,ep_return_mean,ep_return_std,collisions,steps
1,-1084.765869140625,227.24984741210938,0,200
2,-832.302490234375,107.107177734375,0,200
3,-807.285888671875,226.77780151367188,0,200
4,-1320.94970703125,49.986083984375,0,200
5,-2011.4246826171875,153.5863037109375,0,200
6,-1048.7412109375,737.3568115234375,0,200
7,-1049.3876953125,60.852325439453125,0,200
8,-1583.818115234375,151.5731201171875,0,200
9,-1527.2950439453125,220.22705078125,12,200
10,-1451.95703125,53.188720703125,17,200
11,-1312.9168701171875,586.1263427734375,0,200
12,-1614.50537109375,328.09039306640625,0,200
13,-1427.613037109375,539.7013549804688,0,200
14,-1200.4490966796875,574.8325805664062,0,200
15,-938.862060546875,419.0714111328125,0,200
16,-1524.2445068359375,275.571533203125,0,200
17,-1944.902099609375,841.302490234375,0,200
18,-1026.6806640625,62.30596923828125,0,200
19,-1028.2698974609375,20.793914794921875,5,200
20,-1711.8612060546875,106.4903564453125,0,200
21,-1133.3372802734375,173.48178100585938,5,200
22,-1179.6531982421875,209.31527709960938,0,200
23,-1058.8697509765625,155.9595947265625,0,200
24,-1803.4866943359375,767.1485595703125,0,200
25,-1887.576416015625,280.73529052734375,23,200
26,-2337.53955078125,663.8655395507812,0,200
27,-2534.748291015625,497.16357421875,0,200
28,-1304.7659912109375,211.363525390625,0,200
29,-2036.1976318359375,148.1099853515625,0,200
30,-1950.92138671875,572.9187622070312,0,200
31,-1187.9609375,328.4384460449219,0,200
32,-787.2112426757812,282.16741943359375,0,200
33,-1669.114990234375,27.97808837890625,1,200
34,-2122.40673828125,134.9974365234375,0,200
35,-2322.00244140625,185.5228271484375,0,200
36,-1596.802001953125,33.47027587890625,7,200
37,-1541.5406494140625,316.9884033203125,0,200
38,-1615.373779296875,435.40643310546875,0,200
39,-1052.640380859375,331.456298828125,0,200
40,-1500.785888671875,231.32342529296875,0,200
41,-1665.771240234375,121.52001953125,0,200
42,-1051.4013671875,198.52584838867188,0,200
43,-1371.6337890625,552.9852294921875,0,200
44,-1087.486572265625,593.354736328125,0,200
45,-647.3881225585938,206.80357360839844,0,200
46,-1795.8275146484375,248.5072021484375,0,200
47,-1431.3646240234375,1001.4505615234375,0,200
48,-1945.50390625,24.902587890625,0,200
49,-1148.048583984375,313.6475524902344,0,200
50,-1551.0460205078125,1033.4427490234375,0,200
