episode,return_mean,collisions,steps,success
1,-74.57081604003906,0,300,0
2,203.25978088378906,0,300,0
3,-145.073486328125,9,300,0
4,257.29522705078125,0,300,0
5,336.640625,3,193,1
